cell1,cell2,hicrep
1,304,0.29710569014161
1,165,0.298188970990308
1,163,0.30401744178054
1,14,0.319643944874946
1,11,0.436033110473466
2,472,0.12228721607723
2,9,0.129895447554351
2,214,0.144940300714408
2,224,0.163411110250137
2,200,0.178010395436329
3,253,0.248245041381636
3,177,0.248604897086299
3,314,0.26706447275996
3,11,0.315009502421637
3,135,0.345909163267899
4,250,0.23186925406098
4,304,0.236321320557882
4,14,0.260900030566938
4,11,0.271982251915468
4,165,0.317609856622544
5,19,0.263793865724144
5,183,0.271481339821286
5,82,0.287161609979624
5,68,0.316812563539441
5,253,0.322735726386417
6,14,0.157223087499562
6,197,0.171045705584513
6,383,0.172531428230346
6,133,0.172627700729213
6,13,0.173087922640798
7,67,0.070552091775751
7,214,0.106144436763793
7,119,0.11584462380234
7,358,0.124142858452195
7,30,0.12624316240784
8,97,0.250790734625772
8,435,0.256221892248363
8,253,0.257976383639559
8,68,0.263203858447545
8,421,0.266195107868196
9,66,0.124446614266624
9,312,0.126577255472504
9,2,0.129895447554351
9,57,0.155437796147967
9,83,0.162511769748521
10,112,0.196465732613603
10,11,0.204314734928603
10,159,0.204962005998719
10,14,0.20698992627147
10,68,0.276318802094454
11,133,0.440307863433676
11,13,0.448666040465298
11,165,0.466091744795643
11,220,0.467055809725156
11,14,0.52023822467065
12,203,0.315163219341938
12,106,0.325536869985761
12,14,0.330088444059277
12,165,0.371584018796501
12,11,0.373355416250121
13,220,0.356685808023716
13,90,0.378004882588719
13,14,0.404839444547182
13,250,0.408343753719476
13,11,0.448666040465298
14,220,0.434086249782682
14,133,0.441263941112714
14,182,0.443565284544718
14,165,0.458418066619851
14,11,0.52023822467065
15,251,0.237067834990808
15,68,0.237521393856742
15,253,0.26127036624123
15,150,0.276541659841267
15,430,0.290634520887342
16,280,0.0851909402964903
16,40,0.0904460782240145
16,214,0.0925427750135139
16,493,0.0970511865358561
16,246,0.128195377943265
17,225,0.139709200982852
17,138,0.160292801913335
17,231,0.164083030618352
17,66,0.182442264024524
17,57,0.192947455091909
18,11,0.126989609804201
18,20,0.130028781568601
18,1,0.133472697324612
18,177,0.158731970337254
18,68,0.165532876151207
19,150,0.260353967311092
19,82,0.26097115324541
19,5,0.263793865724144
19,28,0.267053268891455
19,253,0.287165973363032
20,106,0.263124531414158
20,14,0.293987792311527
20,177,0.296691817070692
20,68,0.320339074327875
20,197,0.327536536686327
21,47,0.166182756875221
21,59,0.167317358821554
21,90,0.169424843055689
21,20,0.179185577206152
21,269,0.2098310795154
22,11,0.190836820177466
22,135,0.209919603217623
22,14,0.219268096384314
22,68,0.235901210966215
22,183,0.261095226205006
23,125,0.0949223184469915
23,25,0.0989743342960019
23,49,0.107630596572925
23,40,0.126990762669513
23,469,0.170128682432602
24,233,0.151546699573313
24,158,0.180307968089117
24,40,0.1817029538014
24,39,0.188257445459284
24,31,0.211600902983107
25,420,0.182495937107827
25,236,0.199603876554416
25,469,0.224441933222165
25,30,0.22734751730146
25,266,0.278219075569251
26,64,0.310252544625593
26,11,0.316865871377092
26,172,0.31800467774724
26,165,0.322545304214313
26,14,0.33090114808288
27,85,0.0878986994863393
27,200,0.0934916629515987
27,25,0.103139034217122
27,469,0.116637581213639
27,388,0.120237910897632
28,421,0.287701201351292
28,183,0.299064032234607
28,106,0.299692053948295
28,14,0.300990404078301
28,68,0.326351242368734
29,270,0.219568186676252
29,177,0.22095682220205
29,14,0.252352745188484
29,68,0.270105790620974
29,11,0.330329930946085
30,200,0.139250910398132
30,469,0.141600065273972
30,40,0.14404575563107
30,454,0.172908995145727
30,25,0.22734751730146
31,356,0.218862405934381
31,469,0.228335960087388
31,43,0.228406610260169
31,61,0.249633656084578
31,40,0.312075635536407
32,68,0.155987757412478
32,136,0.159557573944455
32,20,0.182070020781952
32,150,0.187881145959865
32,90,0.18847499704162
33,159,0.193479879227032
33,254,0.195816631673266
33,126,0.212230558896924
33,14,0.243539874610935
33,68,0.267454494990272
34,66,0.11371773244489
34,469,0.11572569213069
34,224,0.121186969682976
34,214,0.129650396967537
34,393,0.137940647026217
35,119,0.0657534855053291
35,370,0.0685123986353413
35,469,0.0698329183895962
35,25,0.0836221341909398
35,272,0.102575092115758
36,493,0.0855899396098517
36,167,0.0877319084406631
36,40,0.0915672120753731
36,398,0.0950375295806671
36,436,0.143051484012785
37,165,0.266840909521876
37,12,0.271466453903719
37,304,0.287267268817917
37,14,0.309918872164228
37,11,0.396723412192826
38,469,0.0997469366193671
38,180,0.114039443142665
38,329,0.120768737182682
38,201,0.145554511237474
38,200,0.153484971502238
39,436,0.157558556997878
39,388,0.162912069542565
39,31,0.166829513901532
39,235,0.179511352405452
39,24,0.188257445459284
40,24,0.1817029538014
40,405,0.188279583746034
40,102,0.198589951818139
40,43,0.223066950748929
40,31,0.312075635536407
41,77,0.0474344756558289
41,2,0.0672522099978466
41,393,0.0694892276738857
41,436,0.0794425134284397
41,40,0.090582625650513
42,150,0.204882069494775
42,157,0.205677055930891
42,65,0.210541316018173
42,59,0.214701084850004
42,281,0.217601266431931
43,256,0.0944064470343138
43,305,0.0959200074855132
43,24,0.115454905105876
43,40,0.223066950748929
43,31,0.228406610260169
44,469,0.0687447716689123
44,388,0.0717348340877365
44,24,0.0728991563941926
44,196,0.0868406485171455
44,40,0.181527686503768
45,200,0.0921965579662144
45,416,0.105774911080608
45,40,0.129848078196975
45,31,0.135180768986556
45,111,0.161946302177172
46,398,0.106081324864933
46,370,0.122446419483641
46,178,0.122956040407708
46,40,0.126483506766403
46,416,0.128250724631269
47,14,0.218288067886026
47,68,0.221664863176101
47,128,0.242136328212037
47,165,0.259895901488296
47,106,0.282626351547352
48,191,0.209093513446914
48,183,0.215624366595413
48,262,0.227013367992128
48,68,0.231620934841599
48,106,0.257287941604426
49,360,0.0863210033814385
49,411,0.0875546759039621
49,195,0.0902486820865131
49,23,0.107630596572925
49,119,0.160259042818904
50,165,0.284819937941098
50,14,0.297227642721829
50,133,0.312974278904365
50,106,0.31734893721872
50,11,0.335502805337493
51,261,0.196765521318601
51,376,0.206789027829158
51,92,0.23502470805144
51,253,0.269735853888299
51,68,0.29906860823116
52,183,0.233887466444122
52,106,0.241551922370699
52,11,0.247070448509672
52,68,0.254377705599281
52,197,0.274576145818861
53,11,0.254030341544469
53,218,0.256340370323975
53,250,0.259408939852244
53,14,0.280909555454439
53,165,0.299987266071545
54,158,0.0917345920354108
54,180,0.0958993040249233
54,86,0.102862984540514
54,489,0.127779286554664
54,342,0.143982270860321
55,159,0.161720330736364
55,11,0.171443506049725
55,234,0.180304509181527
55,281,0.185511633657671
55,1,0.20922429924618
56,213,0.279067349736055
56,11,0.279938379513681
56,254,0.291927881650196
56,150,0.293859007614242
56,68,0.38869887054364
57,447,0.153202484771517
57,9,0.155437796147967
57,317,0.177421189735754
57,17,0.192947455091909
57,370,0.194647991296367
58,177,0.164023472158388
58,11,0.16600351526667
58,84,0.180130456210597
58,191,0.189818862146518
58,68,0.298624258080841
59,177,0.207452140684009
59,253,0.214090411599708
59,42,0.214701084850004
59,270,0.21566437987136
59,68,0.273640278896502
60,11,0.254591255042147
60,13,0.255031806303757
60,163,0.263834641494315
60,183,0.268657632721836
60,250,0.284995012379979
61,119,0.109654389544778
61,442,0.112062352822833
61,200,0.127909696395329
61,40,0.148763696595916
61,31,0.249633656084578
62,11,0.201345553334005
62,112,0.222590390593577
62,159,0.232414540391013
62,20,0.238176307929533
62,68,0.296406406724685
63,213,0.199029835397611
63,11,0.199437925624053
63,159,0.203366393009178
63,396,0.214263752557541
63,262,0.222358254781208
64,218,0.323879739790567
64,14,0.338499033315105
64,96,0.340586213999557
64,161,0.366006723738055
64,11,0.399557793479388
65,106,0.210166250730044
65,42,0.210541316018173
65,253,0.232544012239455
65,68,0.234297852855201
65,177,0.272195639638867
66,57,0.143753903756778
66,24,0.144217414637627
66,180,0.151150004835024
66,158,0.158035132193156
66,17,0.182442264024524
67,469,0.125354284814806
67,31,0.13249494363595
67,434,0.145043853532019
67,438,0.161698482030179
67,200,0.195992060548446
68,253,0.397237311417245
68,177,0.400305950894906
68,222,0.419207453258014
68,14,0.424478482619757
68,106,0.426078121741201
69,159,0.184387978369933
69,11,0.188605964344789
69,89,0.21231700300155
69,12,0.213230043552327
69,68,0.257051814252617
70,253,0.168984587457411
70,222,0.17325059569298
70,19,0.219302032490407
70,314,0.241433753105941
70,150,0.313515341712941
71,163,0.232096273654521
71,68,0.240534663807943
71,213,0.251010146181347
71,183,0.284694730113412
71,11,0.323248126887754
72,12,0.288661724454557
72,14,0.300142874142874
72,135,0.30504889515243
72,108,0.310462793710327
72,11,0.311937762009132
73,25,0.111584868989608
73,17,0.11274707558323
73,277,0.114626969480026
73,142,0.126265026691862
73,265,0.126906779444207
74,262,0.151998424930917
74,455,0.185978416151477
74,82,0.201102190889671
74,106,0.211790815304791
74,68,0.213802127665946
75,277,0.0328084993271893
75,40,0.039428158127711
75,432,0.0455523506342315
75,17,0.0659271339126525
75,200,0.0904630997853166
76,222,0.209783208646265
76,106,0.215971611844473
76,150,0.223875641637085
76,68,0.236145341690809
76,207,0.250618478685472
77,215,0.10062723087446
77,200,0.101721304223426
77,393,0.107886174499533
77,390,0.112229649906191
77,25,0.140890092588651
78,31,0.0700802476474692
78,232,0.0757079962506046
78,315,0.0843703993083409
78,224,0.104784311564648
78,25,0.149188012769803
79,256,0.0657578674716961
79,119,0.0769572504254219
79,200,0.0829672108134145
79,370,0.105789917002999
79,469,0.140040155999306
80,245,0.154543409374673
80,68,0.160171512595976
80,216,0.162512767724449
80,84,0.17361246473053
80,11,0.183799262107708
81,265,0.0863067125695645
81,393,0.117150925736055
81,25,0.117668934897002
81,31,0.11978682822131
81,469,0.149408782434431
82,19,0.26097115324541
82,253,0.265332172134567
82,430,0.267926752550735
82,314,0.275640260117264
82,5,0.287161609979624
83,315,0.152063821732125
83,438,0.160633718463554
83,9,0.162511769748521
83,329,0.172295151934514
83,469,0.176024641354126
84,11,0.259413393072939
84,14,0.269367305215494
84,197,0.285154670752549
84,89,0.293317303735493
84,68,0.396399167861439
85,196,0.10650153523743
85,132,0.109618561788935
85,199,0.118797588742864
85,462,0.124310924369175
85,25,0.125044461359331
86,277,0.0958157169843752
86,54,0.102862984540514
86,24,0.114153384556576
86,66,0.12066046945968
86,142,0.130567508212472
87,90,0.20912082400726
87,14,0.22137036114101
87,13,0.256215547119886
87,183,0.283232774395607
87,11,0.334046163335831
88,141,0.272514246187233
88,14,0.283026242439475
88,172,0.29474304966939
88,262,0.321852473778622
88,304,0.329493525444742
89,12,0.314731197705762
89,68,0.361101122795349
89,165,0.378620417430531
89,14,0.411651728242902
89,11,0.430382732485869
90,96,0.341257490427662
90,133,0.345798036988236
90,13,0.378004882588719
90,14,0.397810479595646
90,11,0.409605619260555
91,213,0.299275789305943
91,89,0.301337856791191
91,165,0.342707829476509
91,11,0.384252681615568
91,14,0.406124482942359
92,288,0.205987158684319
92,213,0.213447653685936
92,51,0.23502470805144
92,245,0.244159296161938
92,11,0.25792764794461
93,462,0.0919248125496846
93,358,0.106234485089448
93,122,0.110334922871843
93,95,0.117375403187465
93,9,0.118691033979504
94,42,0.187955325135711
94,183,0.195056200265148
94,106,0.200778926641737
94,11,0.208956195098856
94,68,0.210063455730812
95,243,0.137055690274084
95,25,0.142874597943611
95,24,0.145427476993206
95,158,0.155001117883578
95,265,0.156369634706956
96,128,0.332663103692545
96,14,0.33780124456952
96,64,0.340586213999557
96,90,0.341257490427662
96,11,0.352238689375032
97,13,0.238596842437694
97,5,0.248659407836685
97,8,0.250790734625772
97,68,0.275825683240265
97,133,0.29657700527485
98,305,0.0443577146761434
98,237,0.0466780478675126
98,24,0.0593723606649648
98,158,0.0625635742207648
98,17,0.130259219942089
99,256,0.0960369054180105
99,40,0.0967836155301235
99,168,0.097524369965104
99,31,0.117466122687124
99,17,0.128928104960207
100,246,0.0362674770368606
100,358,0.0498365145511579
100,158,0.0632275241942999
100,180,0.105726130708872
100,305,0.154770176517443
101,342,0.114816384309632
101,95,0.115402603910902
101,158,0.127118475015436
101,40,0.136540122404676
101,469,0.184958153863583
102,469,0.064370052516741
102,214,0.0812663482718929
102,393,0.0919161064887284
102,180,0.0986224463603879
102,40,0.198589951818139
103,24,0.085026623498927
103,9,0.0857921102751322
103,233,0.094779640812492
103,225,0.120197699438228
103,232,0.137149231009537
104,393,0.101609244686558
104,200,0.109596112855041
104,469,0.140136379407309
104,437,0.151651870480688
104,236,0.162325174194083
105,197,0.189208359093861
105,90,0.203393258745923
105,11,0.210879384287168
105,20,0.221841358877021
105,14,0.228271247288076
106,197,0.368203004089031
106,177,0.375368329417353
106,421,0.382001856310529
106,14,0.387018365510197
106,68,0.426078121741201
107,160,0.218524121860346
107,96,0.228161597114256
107,250,0.237333944496436
107,12,0.269498858837841
107,11,0.324784468842489
108,135,0.271468754503575
108,304,0.278639381060017
108,165,0.296259116949282
108,129,0.303140850865297
108,72,0.310462793710327
109,393,0.0792908057985805
109,260,0.0882690985861765
109,122,0.0886092270085235
109,346,0.0893309329100534
109,431,0.114627166776664
110,253,0.191779600248079
110,19,0.197360917515944
110,314,0.198571020470259
110,430,0.210606096165887
110,251,0.212215187172952
111,61,0.0967300175950696
111,418,0.0997190015917572
111,305,0.134494123972879
111,31,0.154313509348288
111,45,0.161946302177172
112,270,0.288595794549061
112,159,0.292084843154395
112,220,0.301820695602052
112,68,0.303003735588944
112,106,0.325327275100588
113,135,0.282853824278483
113,177,0.291900014679115
113,68,0.301173396302425
113,202,0.339653536278968
113,11,0.343683795081246
114,122,0.059337060819263
114,214,0.063974356688217
114,142,0.0643741557033576
114,303,0.0729015909667444
114,40,0.0866412247209239
115,68,0.230810167064083
115,182,0.243486386861101
115,159,0.251394573630376
115,11,0.276438641176011
115,106,0.307812281209486
116,493,0.0441100149312076
116,132,0.0477902983291117
116,394,0.0628709189088857
116,374,0.0759204741142731
116,214,0.111688260589269
117,83,0.10157892870407
117,381,0.115381013824355
117,469,0.122481310515338
117,214,0.131218901394555
117,130,0.14385636946392
118,3,0.169158343372453
118,177,0.180677300721165
118,68,0.205887827946723
118,314,0.213421168745138
118,11,0.246875869645492
119,196,0.134210031062081
119,362,0.147765219781815
119,40,0.147920905106957
119,39,0.154493169433224
119,49,0.160259042818904
120,284,0.200592052544752
120,150,0.209083582636738
120,11,0.225557761348365
120,106,0.245061577599783
120,68,0.35020066978426
121,222,0.179796365229001
121,211,0.183983260247161
121,208,0.185104574748817
121,177,0.211409597176134
121,68,0.25208386495876
122,478,0.112294095282783
122,124,0.112880987185456
122,199,0.125309268954798
122,192,0.127903524593736
122,225,0.155128320454978
123,64,0.250686321932931
123,13,0.255105734859024
123,165,0.302199174893965
123,14,0.314651835213506
123,11,0.349841890312907
124,23,0.0692184412402257
124,280,0.0835080826012795
124,393,0.0925143373825958
124,122,0.112880987185456
124,305,0.165098389423003
125,215,0.101628673028764
125,315,0.112472198780985
125,57,0.121077527939203
125,370,0.129011783016619
125,398,0.142073335719605
126,106,0.249094493006325
126,68,0.263164741193185
126,14,0.279632838845973
126,254,0.300178840096016
126,11,0.321508025696959
127,68,0.298818230391267
127,13,0.303992476178717
127,14,0.318383506053543
127,11,0.338806234014586
127,165,0.352093849848687
128,96,0.332663103692545
128,165,0.359954772960519
128,197,0.365550619182032
128,14,0.383706524366039
128,11,0.433244278233101
129,108,0.303140850865297
129,222,0.313937243135542
129,183,0.330743696659279
129,68,0.335608849001265
129,14,0.341496109282842
130,215,0.127876474515501
130,39,0.139993847390497
130,469,0.142634517545635
130,117,0.14385636946392
130,31,0.155454141802868
131,429,0.20525747102836
131,323,0.207517182343476
131,89,0.222609953022549
131,177,0.233952661957162
131,68,0.336249956667355
132,25,0.110749115735629
132,200,0.114075893907769
132,282,0.114281878545128
132,444,0.1348937192377
132,196,0.161777402799144
133,165,0.328500404619602
133,128,0.329481679811716
133,90,0.345798036988236
133,11,0.440307863433676
133,14,0.441263941112714
134,56,0.208438916931946
134,14,0.228543174540942
134,183,0.230864190766199
134,90,0.236357044309544
134,68,0.243120673133459
135,182,0.317440095313652
135,177,0.32325299984316
135,3,0.345909163267899
135,14,0.350728861760407
135,11,0.427476824424742
136,11,0.18290826890787
136,197,0.18864458991941
136,20,0.202109169094158
136,106,0.214624397325141
136,466,0.217522542160014
137,158,0.0870024488798127
137,39,0.0870474108871563
137,119,0.0872029662857735
137,318,0.0952926832693294
137,305,0.126350324678657
138,391,0.124393309937954
138,57,0.139377217929078
138,40,0.150653481291888
138,17,0.160292801913335
138,31,0.165145835889681
139,253,0.171639360887215
139,222,0.171788329497664
139,68,0.180501806525644
139,165,0.185329195209478
139,76,0.187679049382085
140,150,0.201570167524318
140,14,0.204560396858794
140,135,0.244019422118407
140,183,0.247348775983921
140,11,0.27223294448031
141,88,0.272514246187233
141,172,0.273872390909036
141,159,0.274868591849598
141,197,0.278911336912784
141,14,0.318301878354677
142,428,0.118711818016118
142,200,0.126149695368445
142,73,0.126265026691862
142,86,0.130567508212472
142,382,0.159903804017666
143,304,0.177114983465383
143,262,0.187172348890692
143,1,0.196509098707929
143,336,0.213023685596201
143,11,0.215342186881113
144,424,0.145968952327934
144,135,0.148511329429583
144,51,0.153223365307262
144,285,0.160850136867026
144,42,0.183825013957807
145,59,0.13028536627371
145,68,0.141754260031128
145,14,0.145345473582196
145,135,0.152575739805123
145,11,0.161241158182079
146,20,0.256078985766609
146,11,0.261807955423855
146,197,0.262237789909139
146,128,0.263804465105318
146,255,0.271878385708778
147,26,0.276547343223061
147,172,0.277079048615708
147,11,0.316203968710004
147,14,0.32897043931224
147,183,0.333230510804909
148,133,0.245738103371103
148,182,0.253163969759736
148,12,0.258293806303456
148,106,0.262597828235241
148,11,0.281532030150364
149,39,0.0921798912632184
149,31,0.10173146642053
149,469,0.105189345824135
149,303,0.112698843231074
149,25,0.119651355287713
150,222,0.307363919012554
150,70,0.313515341712941
150,430,0.314678371221751
150,253,0.322306766016227
150,68,0.360157960176621
151,254,0.138271884826176
151,172,0.152007681409096
151,20,0.162810999360002
151,11,0.168494631057186
151,401,0.191086274196917
152,287,0.104269682391064
152,265,0.105849840868719
152,427,0.114672546918942
152,95,0.134834954448846
152,277,0.14031940198173
153,89,0.184482514517948
153,165,0.184549884831945
153,11,0.2288617355703
153,106,0.257316183910868
153,12,0.260331327310543
154,415,0.104475186364055
154,370,0.112934642295647
154,39,0.142866249812371
154,214,0.158142645111743
154,31,0.166670829997369
155,358,0.074854086313877
155,345,0.0764337594246555
155,493,0.0906532864651879
155,119,0.103060556575785
155,287,0.186131482980833
156,119,0.0686686782983318
156,34,0.0715664439268355
156,318,0.0721778334506775
156,305,0.073878287396425
156,266,0.112892855825542
157,159,0.166626756403168
157,68,0.186481980990631
157,270,0.19010058996614
157,42,0.205677055930891
157,20,0.247705000940548
158,95,0.155001117883578
158,66,0.158035132193156
158,25,0.168412912095764
158,24,0.180307968089117
158,358,0.183814251640587
159,220,0.307007970496042
159,191,0.308356443672266
159,326,0.309710439014817
159,197,0.317164793474961
159,68,0.336213231885037
160,182,0.206701882020371
160,107,0.218524121860346
160,13,0.235897858726526
160,11,0.274664801486773
160,135,0.278911621677759
161,220,0.274271842947621
161,183,0.284154276259611
161,197,0.305353440195338
161,64,0.366006723738055
161,11,0.376553198177121
162,14,0.200183279269534
162,304,0.218477695214812
162,11,0.23745575373934
162,159,0.241587048522586
162,90,0.263207245206258
163,64,0.301036193169801
163,1,0.30401744178054
163,177,0.32227193014967
163,14,0.322367993011493
163,11,0.360391596194669
164,106,0.227592460823401
164,68,0.233739457763553
164,208,0.238234267609411
164,150,0.253346920769155
164,253,0.30709387612342
165,269,0.377491909341562
165,89,0.378620417430531
165,218,0.385203762787933
165,14,0.458418066619851
165,11,0.466091744795643
166,90,0.166305337474177
166,14,0.174090064766917
166,255,0.17716909332508
166,12,0.18799494824889
166,141,0.225537207672173
167,36,0.0877319084406631
167,469,0.0902290700982297
167,195,0.107175980846306
167,40,0.126092390103825
167,303,0.14750894097449
168,66,0.109059810650506
168,25,0.115592159742156
168,196,0.135436548344912
168,57,0.152352973095699
168,286,0.177014995459919
169,122,0.0872879187066698
169,422,0.0907905113607737
169,119,0.108421385968578
169,31,0.117699606103624
169,25,0.165702926535154
170,96,0.102198731771162
170,285,0.107844589159498
170,187,0.109537059169652
170,466,0.126658807939955
170,251,0.12682357866943
171,397,0.0581294594336619
171,386,0.061110946788097
171,132,0.0642196880149816
171,154,0.0659943263181338
171,214,0.111586514572681
172,304,0.327100015575804
172,197,0.351439595146139
172,220,0.378522235413536
172,11,0.393741949724612
172,14,0.424452215316852
173,42,0.129387229626706
173,183,0.139517664969155
173,310,0.139778270976104
173,159,0.151613345633876
173,11,0.214586393555713
174,172,0.197563453960261
174,135,0.199702372335372
174,68,0.20043741082371
174,37,0.217660567098226
174,11,0.246366047075828
175,224,0.0794398895652562
175,25,0.100016832599577
175,9,0.100315491776468
175,57,0.108005338029499
175,393,0.117753322904109
176,24,0.0555503922653971
176,2,0.0560058497054749
176,40,0.0571957136299653
176,66,0.0664459368980972
176,224,0.11080211096565
177,261,0.331344712329642
177,183,0.337628674975106
177,11,0.341564785312826
177,106,0.375368329417353
177,68,0.400305950894906
178,57,0.0842520311941477
178,188,0.0911362970663422
178,83,0.0946406314032072
178,317,0.106514449372473
178,46,0.122956040407708
179,14,0.214904986946086
179,8,0.226319676441595
179,84,0.242904405653781
179,254,0.243538920763107
179,68,0.309773911693352
180,31,0.129307873841549
180,39,0.133697283812447
180,158,0.138046346842611
180,358,0.14948654126596
180,66,0.151150004835024
181,31,0.0707553532103674
181,149,0.0774931228461596
181,111,0.0786393978348165
181,25,0.0790695270704497
181,469,0.131258104396202
182,133,0.320727314221014
182,165,0.329606720090986
182,106,0.361157986072673
182,11,0.417222093916407
182,14,0.443565284544718
183,177,0.337628674975106
183,250,0.355900752674327
183,11,0.357302722867788
183,14,0.374147727329062
183,68,0.389888830204395
184,11,0.241920770385312
184,68,0.2668448419884
184,421,0.294665863632043
184,14,0.307883667144674
184,106,0.3136354892362
185,103,0.0661461670901589
185,180,0.0762687304980111
185,265,0.0777056515398986
185,393,0.108247618768301
185,17,0.125779915128446
186,14,0.14554508478374
186,159,0.155439243973905
186,262,0.160590275402677
186,20,0.184467118886095
186,197,0.188051635306885
187,274,0.210674607824278
187,183,0.220338056415643
187,253,0.227449878448199
187,106,0.237212066326516
187,68,0.245888925233715
188,25,0.0975717750772718
188,201,0.102841108159015
188,474,0.114299075028626
188,214,0.121357827574227
188,390,0.140300982123819
189,309,0.197351537878354
189,11,0.206890376996374
189,68,0.218115132739525
189,184,0.221191833442684
189,133,0.236487880784839
190,213,0.254053105788185
190,106,0.260457893197825
190,183,0.266025226612045
190,11,0.309788457635606
190,68,0.340358530154819
191,14,0.269951838571821
191,197,0.28472998332964
191,369,0.286190121221926
191,159,0.308356443672266
191,68,0.353807786450768
192,196,0.0978759839858619
192,30,0.0993568419715189
192,277,0.100380167829672
192,122,0.127903524593736
192,40,0.156137584800182
193,135,0.260133993125999
193,220,0.266408857035916
193,14,0.266680912822326
193,183,0.297232546097567
193,11,0.321243792643736
194,34,0.0673437198095542
194,104,0.099900823905123
194,119,0.105642139096131
194,39,0.10705917910385
194,469,0.192112176820893
195,167,0.107175980846306
195,232,0.111070993609651
195,388,0.11195933833072
195,39,0.119976984675983
195,40,0.131748527511141
196,168,0.135436548344912
196,31,0.138312589378511
196,25,0.144555570014982
196,40,0.148216880579687
196,132,0.161777402799144
197,172,0.351439595146139
197,14,0.360872544939749
197,128,0.365550619182032
197,106,0.368203004089031
197,68,0.369294124773113
198,277,0.056198682701013
198,214,0.0601389348641787
198,469,0.099499284091369
198,303,0.155974316309674
198,40,0.178999311094984
199,200,0.115548303972977
199,85,0.118797588742864
199,122,0.125309268954798
199,40,0.13347551644039
199,478,0.152663377292729
200,338,0.14545921943832
200,38,0.153484971502238
200,232,0.173047892460744
200,2,0.178010395436329
200,67,0.195992060548446
201,188,0.102841108159015
201,232,0.103640100077434
201,196,0.109947644377462
201,414,0.142008859043184
201,38,0.145554511237474
202,213,0.226139265187286
202,183,0.254813705012053
202,177,0.260515636706371
202,68,0.289720229726296
202,113,0.339653536278968
203,165,0.287261779821426
203,133,0.299681384796566
203,106,0.30193848128582
203,12,0.315163219341938
203,14,0.318355519179377
204,246,0.0409138826367894
204,30,0.0418880601934212
204,277,0.0653261337708865
204,122,0.0704182249036808
204,25,0.0720813270541173
205,305,0.0702134301172885
205,469,0.076110685618501
205,95,0.0932244988070347
205,25,0.104882478463795
205,346,0.109862069356138
206,17,0.096580447780149
206,214,0.096943848688168
206,138,0.102059586957272
206,31,0.126829358575659
206,394,0.160786157306172
207,20,0.204297074152978
207,197,0.206454322809301
207,88,0.208320291212805
207,68,0.239919490739073
207,76,0.250618478685472
208,222,0.243810067717094
208,274,0.250510560325557
208,177,0.252647191750295
208,150,0.292125458400734
208,68,0.292211022041377
209,129,0.229622524834925
209,96,0.252687368693349
209,135,0.291514594860264
209,14,0.297707030605632
209,11,0.356969962550185
210,106,0.219947070823572
210,421,0.225841554448391
210,262,0.229144116345738
210,11,0.234808793596201
210,128,0.243974074652141
211,183,0.20757066022875
211,213,0.241778996170005
211,11,0.252212166655963
211,14,0.278564184560077
211,90,0.312903187972259
212,288,0.122583395805029
212,68,0.128360876541931
212,251,0.12996788421387
212,42,0.136598484422831
212,150,0.158650924691233
213,68,0.286642417165892
213,165,0.29249654567565
213,91,0.299275789305943
213,14,0.330124025658953
213,11,0.334075118755823
214,2,0.144940300714408
214,422,0.150808828925659
214,40,0.155310308989844
214,154,0.158142645111743
214,282,0.190449098007941
215,25,0.0978381302253067
215,77,0.10062723087446
215,125,0.101628673028764
215,130,0.127876474515501
215,266,0.129534483164846
216,245,0.101359978218907
216,5,0.135737325826831
216,11,0.145876605289947
216,80,0.162512767724449
216,106,0.172261788423521
217,472,0.121110324121201
217,119,0.126958463732586
217,25,0.136257759060397
217,40,0.14371805322553
217,232,0.150515543721407
218,421,0.33572062684692
218,220,0.380343632125268
218,165,0.385203762787933
218,11,0.390188145692645
218,14,0.423274351305917
219,406,0.0243379717630617
219,393,0.0358982931810463
219,57,0.0524840021559416
219,416,0.0759436364621407
219,9,0.111935614383046
220,172,0.378522235413536
220,218,0.380343632125268
220,250,0.388554868095222
220,14,0.434086249782682
220,11,0.467055809725156
221,48,0.166813276361614
221,59,0.171871762409657
221,115,0.186703694526581
221,106,0.217876603510441
221,197,0.227809674344693
222,106,0.306589762840657
222,150,0.307363919012554
222,129,0.313937243135542
222,183,0.32780320040574
222,68,0.419207453258014
223,136,0.153719947445476
223,11,0.164759463874728
223,20,0.17420080840007
223,14,0.178602309878641
223,135,0.221381662434075
224,30,0.129853819911817
224,469,0.131121421857407
224,83,0.14613816809037
224,2,0.163411110250137
224,25,0.175173540330764
225,103,0.120197699438228
225,24,0.128509786675744
225,17,0.139709200982852
225,31,0.141595898378048
225,122,0.155128320454978
226,266,0.0348655435419593
226,462,0.0354203529677877
226,122,0.0433285229944603
226,469,0.052280342644773
226,25,0.0556711549165843
227,25,0.079356179307728
227,277,0.0819723666489145
227,362,0.0908209794503238
227,469,0.101160169281086
227,265,0.128508961092117
228,25,0.0379269353020448
228,122,0.0456986644999402
228,9,0.0545148087038572
228,54,0.0557089529764258
228,180,0.0703062273603122
229,207,0.168477485155841
229,162,0.168915113571116
229,182,0.178504718745597
229,262,0.180434491890558
229,88,0.256518481367411
230,269,0.220501680696502
230,202,0.223136202076587
230,135,0.24796224069137
230,72,0.264281441716205
230,11,0.277437342916511
231,370,0.0830736654511086
231,40,0.0840280645512968
231,57,0.0872496009976469
231,469,0.0993956922549445
231,17,0.164083030618352
232,40,0.148560827188218
232,217,0.150515543721407
232,500,0.157349146077593
232,200,0.173047892460744
232,277,0.20630674696898
233,393,0.12543345429313
233,24,0.151546699573313
233,40,0.173800909279945
233,436,0.178085461460808
233,31,0.217880147246286
234,13,0.229054617319444
234,255,0.237870065722067
234,261,0.250349621114883
234,159,0.268785120985049
234,14,0.314010453305389
235,31,0.121843610442532
235,388,0.129908374751817
235,236,0.135310437455839
235,393,0.171102086341823
235,39,0.179511352405452
236,485,0.142552700429429
236,422,0.153326335525526
236,104,0.162325174194083
236,379,0.185794609745428
236,25,0.199603876554416
237,305,0.0922359373501697
237,95,0.0958870388774526
237,454,0.106683983630239
237,31,0.116230903499674
237,24,0.124004469184428
238,239,0.207123330387638
238,68,0.212337776219559
238,150,0.232837918089881
238,253,0.263914626473373
238,28,0.28302762440085
239,314,0.207095957137818
239,238,0.207123330387638
239,430,0.217316516715282
239,222,0.217484629375425
239,150,0.228088464600482
240,218,0.190228121475849
240,14,0.204330371322986
240,220,0.207154442559993
240,68,0.211889726214652
240,197,0.229910584186795
241,183,0.156654446237324
241,106,0.163024220541095
241,68,0.190807093804825
241,11,0.196937547810602
241,128,0.211435137521418
242,14,0.155299847331547
242,203,0.156671856605487
242,159,0.188952484557989
242,309,0.214397197955799
242,11,0.230802531040151
243,31,0.0734974877324481
243,25,0.0770637469091786
243,236,0.0787955790486174
243,265,0.11924122901068
243,95,0.137055690274084
244,220,0.178947634268525
244,262,0.202913266501965
244,68,0.212522704521813
244,14,0.230000731882362
244,11,0.246162400494996
245,84,0.199541069228947
245,222,0.208378746748562
245,92,0.244159296161938
245,68,0.24674589832612
245,11,0.327430391465083
246,370,0.0963072896937169
246,334,0.114611759428468
246,420,0.127867943578806
246,16,0.128195377943265
246,25,0.140107875867377
247,96,0.167024209569182
247,183,0.169287633884634
247,213,0.171414365547044
247,14,0.181880180697367
247,13,0.215458560810938
248,172,0.231835668344813
248,270,0.233095957766962
248,12,0.249556873706378
248,220,0.253506510728905
248,11,0.330472486173939
249,370,0.0717188286701792
249,315,0.0752978064553316
249,256,0.075732725430974
249,469,0.0894968262773783
249,277,0.113229992221906
250,183,0.355900752674327
250,14,0.364609938784445
250,11,0.371058856533462
250,220,0.388554868095222
250,13,0.408343753719476
251,222,0.263179107004226
251,429,0.289267729433119
251,253,0.308539250652161
251,68,0.319751233814013
251,314,0.340247285051659
252,14,0.12093166862887
252,189,0.125151997746506
252,96,0.127597379420922
252,290,0.128115603113154
252,197,0.155616334282401
253,150,0.322306766016227
253,5,0.322735726386417
253,430,0.34398689297487
253,106,0.348084439277473
253,68,0.397237311417245
254,56,0.291927881650196
254,126,0.300178840096016
254,197,0.303396583572402
254,68,0.344277410275391
254,14,0.350814504228104
255,262,0.238196324710121
255,37,0.241494323837773
255,197,0.24246212796116
255,20,0.24519758525285
255,146,0.271878385708778
256,99,0.0960369054180105
256,217,0.10155397682459
256,2,0.107816135981285
256,138,0.114067622949681
256,57,0.149884583982202
257,159,0.209127131164515
257,172,0.224057179892337
257,254,0.231433926804962
257,20,0.237159793588392
257,11,0.239431539672774
258,133,0.234757211857128
258,91,0.234798870354221
258,183,0.242651851596962
258,1,0.243643275925478
258,11,0.299071802703417
259,398,0.0469469088200959
259,119,0.04888213601727
259,256,0.0580678174938864
259,39,0.0590785142092222
259,40,0.0909999200474554
260,158,0.0544854050452225
260,200,0.0677175331696906
260,57,0.0867019152820718
260,109,0.0882690985861765
260,393,0.157955483188122
261,197,0.308930297762768
261,177,0.331344712329642
261,106,0.33989394213204
261,68,0.358518761193503
261,14,0.362969641767675
262,141,0.261503840668028
262,11,0.265994092048942
262,197,0.268435029205906
262,14,0.31551074501364
262,88,0.321852473778622
263,315,0.0663035696757859
263,2,0.0708240626659854
263,83,0.0732578864624751
263,119,0.087046616141626
263,25,0.113240240623592
264,11,0.1197860187332
264,197,0.12490187050649
264,20,0.159230967484133
264,68,0.185748304749425
264,159,0.20627074165713
265,227,0.128508961092117
265,393,0.13833347560478
265,66,0.143000921766224
265,95,0.156369634706956
265,25,0.180775936147037
266,156,0.112892855825542
266,119,0.123711448379182
266,215,0.129534483164846
266,305,0.131895993128879
266,25,0.278219075569251
267,82,0.210035895672469
267,19,0.210719265734348
267,184,0.2151068497511
267,150,0.233258056214611
267,430,0.303924176369511
268,68,0.208782852430223
268,14,0.211199369576748
268,13,0.225135026661436
268,11,0.232336779206499
268,165,0.239132880032565
269,26,0.279917240963201
269,64,0.323801572001985
269,11,0.354545664460899
269,14,0.358762050102582
269,165,0.377491909341562
270,177,0.255339853720818
270,11,0.285133195233697
270,112,0.288595794549061
270,106,0.288668203157375
270,68,0.326725818060766
271,362,0.0220534235066051
271,39,0.0330779616030328
271,119,0.0694105443343158
271,436,0.0879610190846387
271,394,0.102582927935487
272,158,0.0839554268814166
272,119,0.0936093516225626
272,35,0.102575092115758
272,25,0.114534693043148
272,39,0.117440081735186
273,177,0.213638353518808
273,11,0.229292735571838
273,106,0.240034859208225
273,161,0.240853932467896
273,68,0.313772228112679
274,106,0.229576027292119
274,430,0.237332359438855
274,208,0.250510560325557
274,150,0.267238343625665
274,68,0.361718992363179
275,39,0.0832154988647627
275,25,0.0894120020824357
275,393,0.10073077109357
275,214,0.103951855863758
275,40,0.139118243879875
276,200,0.0607984034119589
276,469,0.0896953081936992
276,39,0.0906691336442505
276,31,0.0908431176676986
276,388,0.0917965549747683
277,224,0.129042032075382
277,370,0.134927179361212
277,152,0.14031940198173
277,158,0.154603348446406
277,232,0.20630674696898
278,424,0.134371995717734
278,42,0.140083129677366
278,82,0.15428841323799
278,430,0.155776586499629
278,68,0.167701837498595
279,213,0.136398867867125
279,14,0.148991247636858
279,89,0.152561420756675
279,336,0.158676494047139
279,68,0.193814578309921
280,66,0.086573853682936
280,305,0.09326404305769
280,493,0.0968958893884156
280,393,0.100680298880141
280,2,0.107004609743446
281,51,0.191965363835678
281,29,0.208170083539217
281,284,0.20945187266764
281,395,0.21233110394945
281,42,0.217601266431931
282,39,0.110773103322247
282,132,0.114281878545128
282,130,0.117633416121426
282,57,0.135142513173258
282,214,0.190449098007941
283,106,0.21865310602336
283,11,0.221091653538064
283,108,0.230846871109911
283,96,0.241264070680307
283,183,0.262268030596876
284,253,0.237054243027092
284,314,0.257326010030504
284,11,0.267094451695865
284,106,0.292782322045807
284,68,0.305719503460027
285,261,0.194065494155759
285,430,0.201682255382899
285,106,0.203834426875542
285,177,0.21287169048309
285,68,0.27406322821357
286,398,0.0671960694041913
286,196,0.0761355868466147
286,391,0.108090795760595
286,57,0.116968902040666
286,168,0.177014995459919
287,436,0.103104586770765
287,152,0.104269682391064
287,95,0.119454197366885
287,397,0.124523783347686
287,155,0.186131482980833
288,56,0.257278227350808
288,96,0.259465620004329
288,376,0.268708940380213
288,13,0.312690979141805
288,11,0.338903546778679
289,165,0.14229683618253
289,1,0.142339753110999
289,11,0.144003412825569
289,128,0.152972781753711
289,89,0.162544725056819
290,128,0.226795397768563
290,261,0.229914741963644
290,141,0.240299812394226
290,20,0.25782776107636
290,197,0.273702426813959
291,135,0.197385380708092
291,261,0.227757696581385
291,14,0.239380862148573
291,68,0.261140082847654
291,11,0.298878067240985
292,6,0.134718271570089
292,14,0.136272394379283
292,133,0.147556519430328
292,20,0.151624773025512
292,197,0.173068324408089
293,68,0.245645249804402
293,262,0.246995287351731
293,14,0.247123223035356
293,197,0.254067367937699
293,106,0.276688173749585
294,220,0.150409785372221
294,96,0.156772877438949
294,197,0.18759709371786
294,68,0.200078307432472
294,14,0.223483195673189
295,469,0.0504055660143052
295,305,0.0576184016687781
295,39,0.0610175055384772
295,493,0.0644668107636966
295,119,0.0876708964475298
296,416,0.0310190320951318
296,40,0.038674398673136
296,370,0.0611396868665724
296,287,0.0754109609421901
296,277,0.0953941394343855
297,40,0.0273752277811668
297,469,0.0443502279484815
297,130,0.053555144806191
297,214,0.0631983163162516
297,31,0.0640972075913532
298,96,0.183038411112027
298,11,0.192723347458827
298,72,0.20516340310765
298,183,0.237599530072617
298,135,0.243379146080974
299,97,0.190245777305588
299,11,0.19201759097735
299,128,0.197563812315232
299,182,0.197637776651675
299,106,0.198501325445744
300,159,0.125620144353185
300,11,0.127678339134327
300,220,0.135557188087903
300,304,0.136766339045425
300,165,0.172094126477988
301,14,0.172513907253107
301,183,0.173625453711232
301,106,0.178692838184369
301,135,0.184414920122504
301,11,0.202460521815482
302,251,0.145553131993975
302,68,0.170546656052894
302,106,0.170747005630218
302,150,0.185048923299275
302,120,0.199965691534487
303,40,0.109219662543798
303,149,0.112698843231074
303,214,0.126880695289557
303,167,0.14750894097449
303,198,0.155974316309674
304,172,0.327100015575804
304,88,0.329493525444742
304,165,0.344701688594842
304,14,0.369784898856238
304,11,0.408840032651409
305,100,0.154770176517443
305,124,0.165098389423003
305,362,0.166234594534604
305,437,0.174656873463856
305,381,0.181074350768853
306,39,0.0562911353234333
306,393,0.0587145931620213
306,436,0.0721451595707962
306,214,0.0866658087222802
306,388,0.101559352684304
307,305,0.0434011342358735
307,256,0.048086454080472
307,393,0.0642638619799732
307,2,0.0655732038409936
307,493,0.101779098984742
308,133,0.257697297124646
308,68,0.259778288953392
308,13,0.272440944310037
308,14,0.294588100018549
308,11,0.360727704956506
309,14,0.184796990817056
309,11,0.196827915745223
309,189,0.197351537878354
309,242,0.214397197955799
309,141,0.252108757709235
310,68,0.188368698186825
310,222,0.190700774555115
310,401,0.193300125126122
310,11,0.206256260279581
310,129,0.221660114602662
311,237,0.0572988076403045
311,469,0.0619282815704153
311,388,0.065832641145119
311,398,0.0750295354673554
311,393,0.131473674298974
312,305,0.0688568894534645
312,34,0.0869521592556348
312,31,0.0970039136769892
312,9,0.126577255472504
312,358,0.127446519631091
313,66,0.094100874840768
313,40,0.0969404565185042
313,200,0.100302914947887
313,119,0.112307026889082
313,315,0.123633760047431
314,3,0.26706447275996
314,150,0.268901974508208
314,82,0.275640260117264
314,253,0.305517616128588
314,251,0.340247285051659
315,125,0.112472198780985
315,224,0.118197059270532
315,313,0.123633760047431
315,277,0.127958807794034
315,83,0.152063821732125
316,135,0.145214038723484
316,90,0.145955800565838
316,304,0.166560066866832
316,183,0.172245588764751
316,108,0.22552130606059
317,178,0.106514449372473
317,17,0.11802779023077
317,25,0.121843254236832
317,57,0.177421189735754
317,370,0.182861110594634
318,188,0.0682928663131534
318,156,0.0721778334506775
318,305,0.0748247473390846
318,57,0.0842414531169674
318,137,0.0952926832693294
319,175,0.0596885220254899
319,200,0.0812042538561071
319,398,0.0861420250752624
319,180,0.0882820411520181
319,393,0.12696486982358
320,15,0.193899524201926
320,183,0.204625949185012
320,96,0.20654248245304
320,64,0.221954321179953
320,251,0.229943175730776
321,269,0.228248888288708
321,165,0.257154804413435
321,213,0.260782054224844
321,11,0.286090260192001
321,14,0.311858327676107
322,128,0.137491958450814
322,68,0.139667549389306
322,11,0.155339719585652
322,197,0.165752606910686
322,20,0.167622573662101
323,150,0.227778569655346
323,11,0.228371039620994
323,251,0.237716544631637
323,1,0.257919414775501
323,68,0.304877958672024
324,106,0.152906360955393
324,90,0.155063809742079
324,182,0.15732495955367
324,314,0.161448760984336
324,396,0.200325948490536
325,401,0.198986497476016
325,129,0.211350526379081
325,14,0.21167116493724
325,13,0.267311984384138
325,68,0.293401788934488
326,261,0.209144074870271
326,11,0.218917168529325
326,90,0.221824135716833
326,68,0.241627500506756
326,159,0.309710439014817
327,57,0.0569490283132788
327,40,0.0799058705606021
327,232,0.0863207916588807
327,31,0.107963785218248
327,25,0.111910173447335
328,163,0.24251761129519
328,218,0.248632253637522
328,14,0.293140199654602
328,182,0.304330830466047
328,11,0.364739333211406
329,214,0.125159359122387
329,39,0.134640506754438
329,469,0.135592429869398
329,40,0.152980957789475
329,83,0.172295151934514
330,183,0.17021741869738
330,250,0.183142645248293
330,197,0.185648000822574
330,20,0.193878562179896
330,68,0.215063117574479
331,165,0.242436015705794
331,14,0.244465595775188
331,304,0.254251287203357
331,220,0.289588244170898
331,11,0.293730690348211
332,183,0.193360936869771
332,304,0.202581752009203
332,213,0.20413360323314
332,165,0.206764058444704
332,11,0.2822953667221
333,469,0.0893955004113765
333,200,0.0915282288989809
333,31,0.0940966105281804
333,214,0.102228307413595
333,381,0.107970516828081
334,246,0.114611759428468
334,40,0.117559867498237
334,30,0.118784626785104
334,420,0.1211631401562
334,25,0.121558686811296
335,39,0.0722950238558144
335,180,0.0730488058462088
335,391,0.0735382138830379
335,9,0.12437611637792
335,83,0.146926656143078
336,172,0.275671531709618
336,11,0.300408176466882
336,177,0.311728729186262
336,304,0.322879973938599
336,14,0.325686678947794
337,252,-0.019688925429438
337,255,-0.0196281817972747
337,349,0.0028255632775701
337,157,0.0422241222404508
337,33,0.0471351420885108
338,104,0.0813475244297053
338,40,0.105192593730761
338,25,0.127769752400809
338,200,0.14545921943832
338,469,0.180705915432759
339,397,0.0535532869171864
339,57,0.0592682595022032
339,34,0.0654028603844263
339,2,0.0769022796091621
339,31,0.110326643734608
340,376,0.101208224476862
340,11,0.110600601049434
340,59,0.113333487640085
340,401,0.118025028363786
340,14,0.163760068688037
341,236,0.0789710929128171
341,214,0.0967379820093281
341,394,0.106036961207619
341,2,0.111443562229307
341,493,0.132270712328679
342,305,0.0867172004867568
342,57,0.104766446143983
342,101,0.114816384309632
342,200,0.131674532229681
342,54,0.143982270860321
343,11,0.115178598882489
343,127,0.14460536016105
343,466,0.152871497871398
343,68,0.158188514833646
343,401,0.173622616493975
344,57,0.067284805993245
344,200,0.0730428762031285
344,46,0.0847193250188248
344,83,0.0850346568958893
344,119,0.122926136967618
345,214,0.0671248083485637
345,265,0.0738487688389797
345,155,0.0764337594246555
345,24,0.0821784129454488
345,39,0.0969657636466499
346,168,0.0978240008972361
346,305,0.102695453762702
346,205,0.109862069356138
346,416,0.111926224883317
346,200,0.14436014760188
347,51,0.165833408686925
347,11,0.174627449853781
347,13,0.191619983706111
347,251,0.208281316733634
347,68,0.215412121121517
348,96,0.129589910746782
348,250,0.131786636736268
348,183,0.140269209267446
348,11,0.14322817543173
348,60,0.152995208268185
349,144,0.12301354882259
349,261,0.13369756324092
349,464,0.134099108794465
349,499,0.146228664338904
349,328,0.160866270567706
350,183,0.23221915085291
350,135,0.252335488997863
350,68,0.252601494824469
350,11,0.257242632699898
350,14,0.260397436003903
351,119,0.0362514185135153
351,36,0.0421854632442878
351,200,0.0524688112915898
351,54,0.0704172037052353
351,442,0.143714787563197
352,13,0.231969897331815
352,172,0.240347487214817
352,220,0.287203061158497
352,14,0.296451181467159
352,11,0.340957429936691
353,40,0.0464234611818924
353,43,0.0583312271553246
353,214,0.0684204879184518
353,24,0.0692759321167118
353,122,0.0852375620136493
354,469,0.0567404660935903
354,9,0.0610906276987256
354,57,0.0650135269406467
354,31,0.0659324312669962
354,277,0.110013917104959
355,379,0.0622221474491841
355,168,0.0674917967405596
355,66,0.0846946939899678
355,25,0.0882242055708825
355,104,0.0950577660191214
356,30,0.114050915710554
356,370,0.130618005871819
356,469,0.132198780712706
356,40,0.1503555974338
356,31,0.218862405934381
357,14,0.192551157737871
357,165,0.205765992747409
357,106,0.209809664741801
357,183,0.217103656081744
357,68,0.247530128389768
358,7,0.124142858452195
358,312,0.127446519631091
358,180,0.14948654126596
358,393,0.154677977554131
358,158,0.183814251640587
359,135,0.162675354981059
359,113,0.162749465650027
359,222,0.166652164152489
359,20,0.177383105947943
359,68,0.207673735663972
360,119,0.0519724277903607
360,132,0.0537258804680295
360,122,0.0718831838960948
360,49,0.0863210033814385
360,40,0.0946495450763864
361,281,0.144954581002864
361,213,0.149083977411497
361,68,0.155960018419671
361,135,0.17869015396153
361,11,0.188486295333252
362,158,0.0998029883805824
362,25,0.121486147464572
362,387,0.132386778986185
362,119,0.147765219781815
362,305,0.166234594534604
363,13,0.198388994527695
363,197,0.206000703532312
363,96,0.256567317328214
363,90,0.267440186601759
363,11,0.289655007930431
364,128,0.193716028070487
364,135,0.194129658656655
364,11,0.205940183449271
364,72,0.2158876992393
364,14,0.236398044036842
365,195,0.0772381329948198
365,315,0.0840364016015578
365,130,0.0850761097061374
365,200,0.106139470922085
365,398,0.116410345484378
366,401,0.0977815321628033
366,11,0.107920057813921
366,144,0.109482247842683
366,304,0.122138857744461
366,68,0.160423051200427
367,106,0.118010034265231
367,59,0.120181710114183
367,42,0.123978278352527
367,121,0.141101468929082
367,159,0.151599817506461
368,213,0.171689392110304
368,11,0.174485235002708
368,261,0.192001082716486
368,14,0.192928082844519
368,68,0.205016388470278
369,84,0.212050521977054
369,128,0.236997292069296
369,197,0.249811562034991
369,191,0.286190121221926
369,68,0.333652329738981
370,432,0.133210442982191
370,277,0.134927179361212
370,317,0.182861110594634
370,398,0.191559322357326
370,57,0.194647991296367
371,11,0.20727070316062
371,218,0.213531169459644
371,90,0.217040128888117
371,14,0.267566394728947
371,165,0.278417824347776
372,197,0.147648689823744
372,207,0.153289897940551
372,106,0.160923737580551
372,68,0.191451822538785
372,20,0.193128916064572
373,397,0.0473527094239047
373,49,0.0516811667500248
373,130,0.0547236743482515
373,428,0.0557337690973944
373,180,0.078755501191889
374,214,0.0637513456876177
374,116,0.0759204741142731
374,394,0.0928877394933628
374,493,0.101382574025242
374,393,0.105508131372213
375,187,0.104903821163855
375,323,0.112213192130052
375,177,0.132706091932608
375,37,0.14235170525315
375,1,0.183709687353002
376,183,0.251214605196987
376,288,0.268708940380213
376,13,0.282184714446981
376,14,0.295602467017166
376,172,0.3243759993789
377,119,0.0458158018171737
377,277,0.0567148386699273
377,30,0.0630669855340217
377,379,0.0906262662609494
377,25,0.0972600648268851
378,49,0.0452692773664259
378,217,0.0549289108783999
378,57,0.060851651935538
378,393,0.0701688386377659
378,200,0.0918924070644582
379,119,0.0931368433144918
379,420,0.10564496884021
379,25,0.114160023683675
379,485,0.122777922812945
379,236,0.185794609745428
380,127,0.211902617619121
380,68,0.214383714285659
380,13,0.239585002549379
380,11,0.24277053816203
380,183,0.24334671976827
381,66,0.112523381663658
381,117,0.115381013824355
381,214,0.11717539324218
381,200,0.119378687949218
381,305,0.181074350768853
382,436,0.120996896882742
382,95,0.124876818403567
382,370,0.129540265731454
382,200,0.132998586949404
382,142,0.159903804017666
383,183,0.217815260705782
383,11,0.235806485543871
383,8,0.250402158143866
383,14,0.265524585991595
383,68,0.275827303400202
384,183,0.13640365664729
384,177,0.156248173386058
384,20,0.16594106543346
384,68,0.169119158833236
384,19,0.179142093614741
385,255,0.144947398300681
385,14,0.155458825150111
385,146,0.188171205372563
385,42,0.201301574871082
385,20,0.207855485026622
386,40,0.111026369726152
386,214,0.135988819746538
386,39,0.13731864720767
386,454,0.137966439562522
386,25,0.145998499624659
387,394,0.0565826838502594
387,25,0.0786886709333045
387,39,0.087827654000165
387,214,0.094120277843066
387,362,0.132386778986185
388,235,0.129908374751817
388,95,0.135238869298669
388,454,0.146442057316931
388,39,0.162912069542565
388,469,0.165306346454029
389,202,0.164958315309945
389,183,0.182025910456642
389,213,0.186707370664576
389,239,0.191472254208958
389,222,0.203098284451109
390,24,0.0938044872574793
390,158,0.0967831332411622
390,77,0.112229649906191
390,188,0.140300982123819
390,413,0.151795734967659
391,214,0.10576650061599
391,463,0.106060719872302
391,286,0.108090795760595
391,17,0.113595030642273
391,138,0.124393309937954
392,26,0.143976143564859
392,320,0.157195949798776
392,64,0.157435378816479
392,183,0.174881102276819
392,68,0.201956880535738
393,358,0.154677977554131
393,40,0.156265983476777
393,260,0.157955483188122
393,235,0.171102086341823
393,469,0.182792027584172
394,214,0.0956210725805576
394,271,0.102582927935487
394,31,0.103705022771263
394,341,0.106036961207619
394,206,0.160786157306172
395,135,0.165349152787093
395,68,0.166167214572549
395,177,0.17807816683637
395,1,0.182405482809009
395,281,0.21233110394945
396,11,0.21774884506077
396,14,0.227284641422756
396,68,0.236373943248842
396,197,0.258584093638948
396,106,0.29365729126418
397,224,0.0933335181837665
397,40,0.112924073042843
397,233,0.11493345771526
397,329,0.120390097277147
397,287,0.124523783347686
398,46,0.106081324864933
398,365,0.116410345484378
398,432,0.139156668167271
398,125,0.142073335719605
398,370,0.191559322357326
399,183,0.184451265827751
399,89,0.194007227608204
399,163,0.227537696725974
399,11,0.234920361432339
399,68,0.248907367794031
400,305,0.0373547644556268
400,25,0.0442731547740761
400,214,0.0453365707589661
400,168,0.0554348202951649
400,57,0.0690381422344787
401,165,0.253489798361713
401,12,0.254389803483691
401,112,0.255178230493176
401,197,0.258306195161292
401,11,0.270005228141457
402,68,0.209878340623406
402,254,0.215252981917931
402,172,0.21996591700419
402,11,0.265212773716142
402,14,0.267998857838482
403,9,0.0609645857306574
403,125,0.08289253802922
403,152,0.0893462203122135
403,214,0.0932834038194814
403,158,0.126613999778669
404,308,0.108707476326053
404,96,0.119482303715456
404,64,0.13209052410887
404,220,0.138546484248079
404,11,0.144908079293901
405,17,0.0719245228001
405,246,0.0721025071309204
405,31,0.153469453186067
405,40,0.188279583746034
405,469,0.188934439430722
406,27,0.0821246377121174
406,31,0.119601896065069
406,440,0.124353657934676
406,236,0.138234000549153
406,469,0.163672791070247
407,287,0.026726516241258
407,393,0.0337624261747514
407,25,0.0418834290705827
407,31,0.0485609214683854
407,180,0.0527088927352643
408,439,0.0895406506229118
408,66,0.0898090469483141
408,25,0.0944373025075688
408,40,0.116325407385375
408,277,0.116623157460023
409,13,0.176766916779522
409,177,0.182374886943259
409,172,0.18258988842161
409,135,0.21850055088188
409,11,0.245585645919726
410,106,0.188246817776753
410,14,0.201998389122543
410,108,0.21203547570777
410,183,0.229876785894858
410,314,0.240444240634607
411,215,0.0810210938094777
411,167,0.0838166993124808
411,195,0.086922937074042
411,49,0.0875546759039621
411,40,0.0951166136971914
412,159,0.225245899445885
412,68,0.237378325360247
412,304,0.257955740337759
412,11,0.276517148530112
412,14,0.28201445898808
413,54,0.0671610561821476
413,214,0.0957388144660225
413,24,0.0973432731536277
413,31,0.118975970511526
413,390,0.151795734967659
414,168,0.0625427598970932
414,286,0.0648978111171441
414,391,0.0694634657577152
414,66,0.0700762822884759
414,201,0.142008859043184
415,40,0.0538413543048863
415,130,0.0550023079238334
415,152,0.0621032275967571
415,265,0.0650660077943115
415,154,0.104475186364055
416,386,0.107359881619946
416,346,0.111926224883317
416,388,0.118184184626471
416,180,0.122945938389638
416,46,0.128250724631269
417,165,0.0861047506133326
417,328,0.0872225576147294
417,182,0.103350978312549
417,42,0.110324033895747
417,141,0.127342977373572
418,61,0.0617483177168429
418,43,0.0690363815529277
418,111,0.0997190015917572
418,31,0.104783021875142
418,25,0.115696305642405
419,40,0.0504991617807023
419,233,0.0578759671444106
419,277,0.069407066315114
419,224,0.101705283260512
419,469,0.153010982732895
420,334,0.1211631401562
420,485,0.122414955260336
420,246,0.127867943578806
420,236,0.141521092641405
420,25,0.182495937107827
421,68,0.329382763307942
421,14,0.334049307513165
421,11,0.33531388826763
421,218,0.33572062684692
421,106,0.382001856310529
422,25,0.0993167884834772
422,40,0.101636279181812
422,393,0.105307916050641
422,214,0.150808828925659
422,236,0.153326335525526
423,466,0.146722756743059
423,165,0.147935328279987
423,89,0.161054248303771
423,129,0.185357260271465
423,11,0.196249534686501
424,496,0.17305583622365
424,28,0.175442918039096
424,430,0.186267504763904
424,222,0.18675637846574
424,68,0.205910635571575
425,159,0.144521218233025
425,150,0.14470697563465
425,106,0.162776799301484
425,56,0.17422311116346
425,68,0.18555637493356
426,14,0.211741916423891
426,218,0.232012505837942
426,135,0.233283491758769
426,165,0.241517616358518
426,11,0.279255787423032
427,142,0.073664605419333
427,428,0.0980743214523328
427,25,0.0989982579086347
427,277,0.0998589746615943
427,152,0.114672546918942
428,130,0.0899853409952994
428,427,0.0980743214523328
428,152,0.103979291292009
428,142,0.118711818016118
428,469,0.128154595383318
429,19,0.239086162887514
429,222,0.239404904887975
429,68,0.241613920270482
429,314,0.264943833344304
429,251,0.289267729433119
430,15,0.290634520887342
430,267,0.303924176369511
430,150,0.314678371221751
430,253,0.34398689297487
430,68,0.380677282374366
431,111,0.05843945275074
431,122,0.0621097425429112
431,394,0.062161902581074
431,305,0.0714864107441161
431,109,0.114627166776664
432,46,0.0868149606602434
432,305,0.0922630399530863
432,493,0.106634706687176
432,370,0.133210442982191
432,398,0.139156668167271
433,83,0.0806595432624815
433,277,0.082094818666505
433,215,0.0837139611649735
433,408,0.0854857850458367
433,25,0.123604137998938
434,393,0.0803855454668816
434,214,0.0838756802822099
434,200,0.0849185443108128
434,67,0.145043853532019
434,469,0.220555897693003
435,253,0.235645664813112
435,8,0.256221892248363
435,430,0.263256009004903
435,68,0.281739168239021
435,150,0.29391595444669
436,393,0.137615860002641
436,36,0.143051484012785
436,39,0.157558556997878
436,40,0.16678463680014
436,233,0.178085461460808
437,154,0.102853905256864
437,393,0.115518954885365
437,214,0.123395377759725
437,104,0.151651870480688
437,305,0.174656873463856
438,169,0.0658929644243866
438,119,0.095113530686595
438,200,0.132039624369207
438,83,0.160633718463554
438,67,0.161698482030179
439,408,0.0895406506229118
439,67,0.0913233652622187
439,30,0.103517720261145
439,315,0.10536172335386
439,158,0.112394588725644
440,236,0.0606594676710703
440,25,0.0615508639220649
440,158,0.0795212469597626
440,214,0.119486076889336
440,406,0.124353657934676
441,68,0.154244342209282
441,3,0.179441388520892
441,183,0.194890317469514
441,72,0.202423402805639
441,11,0.243977420159956
442,61,0.112062352822833
442,40,0.13198367289879
442,119,0.133674117367312
442,351,0.143714787563197
442,31,0.144023482827408
443,197,0.103503513012774
443,68,0.109040590830403
443,336,0.1106561167662
443,11,0.112594572851822
443,14,0.139553056005173
444,362,0.0557208455459753
444,196,0.0640405093275561
444,25,0.0698802002390632
444,214,0.0808372598098977
444,132,0.1348937192377
445,36,0.0146976877151359
445,25,0.0186284861957521
445,469,0.0188305579962331
445,167,0.0237614512708289
445,214,0.0340293921289875
446,9,0.0602052717935902
446,24,0.0664261027097078
446,39,0.0701753744560669
446,416,0.0932943297025905
446,158,0.118287589515418
447,469,0.117778473934585
447,200,0.122758623667464
447,25,0.123249892533212
447,17,0.125564510516506
447,57,0.153202484771517
448,17,0.0592157249877682
448,436,0.0737821195406734
448,25,0.0816830589206547
448,469,0.087735476753304
448,370,0.110588513750555
449,64,0.191570750644575
449,12,0.19685652257441
449,106,0.198007330945845
449,253,0.200771958414984
449,68,0.22478634593111
450,277,0.0585581909466512
450,335,0.0643910560104631
450,214,0.0680496764375135
450,180,0.108821038626999
450,31,0.139124073886396
451,128,0.237789941391198
451,90,0.237872605685388
451,220,0.251238162276915
451,14,0.254480772322093
451,13,0.271274336131309
452,30,0.0447230471240231
452,237,0.0541014389709259
452,474,0.0638846253423116
452,200,0.091604834692937
452,31,0.120090629505473
453,106,0.143279734788648
453,288,0.165481797535357
453,11,0.179793474461541
453,14,0.189643955094701
453,262,0.211966397109169
454,386,0.137966439562522
454,24,0.140630351220215
454,388,0.146442057316931
454,30,0.172908995145727
454,31,0.185274851931495
455,218,0.253890645085802
455,165,0.256006131121401
455,172,0.278428689385639
455,14,0.329068249175269
455,11,0.33311395733328
456,1,0.179791511357051
456,68,0.186264274253788
456,14,0.188331530105931
456,20,0.214974475193024
456,106,0.256368415363681
457,200,0.0090056898689358
457,469,0.0099751903434888
457,370,0.0192826722882127
457,25,0.0236294022311229
457,394,0.0701639449433327
458,277,0.0358154593248425
458,152,0.0379073632261357
458,315,0.0485758246204623
458,224,0.0600187791783627
458,66,0.122370847694611
459,281,0.187050181826457
459,213,0.19825339152649
459,135,0.205054419650215
459,64,0.211419429701837
459,11,0.223370651141448
460,65,0.132716818095026
460,251,0.139029428591387
460,5,0.141758704113627
460,150,0.15607450832728
460,314,0.193404692782414
461,315,0.0893137313270687
461,235,0.09469990232788
461,25,0.0999137660699974
461,469,0.104086295988039
461,388,0.12148045964115
462,142,0.0918402428350161
462,93,0.0919248125496846
462,447,0.105349810433426
462,85,0.124310924369175
462,17,0.125047212465386
463,25,0.0758979083855836
463,397,0.0805529124884771
463,17,0.0912967578868718
463,391,0.106060719872302
463,66,0.113741455178626
464,197,0.193627384133015
464,91,0.215077744367896
464,68,0.21620503044323
464,261,0.239877012934549
464,106,0.279013785209942
465,68,0.163211075257382
465,11,0.187111727968761
465,183,0.197728467965379
465,129,0.200022037773463
465,14,0.230339448705489
466,423,0.146722756743059
466,20,0.147001852543654
466,59,0.147013735518317
466,343,0.152871497871398
466,136,0.217522542160014
467,232,0.0911554522253849
467,265,0.0949301802509084
467,67,0.115353452455801
467,57,0.143564957505221
467,25,0.155255597315798
468,397,0.0505412671505676
468,99,0.0548544710072549
468,420,0.0549324882213283
468,17,0.0591341188570897
468,31,0.0722846693850964
469,405,0.188934439430722
469,194,0.192112176820893
469,434,0.220555897693003
469,25,0.224441933222165
469,31,0.228335960087388
470,469,0.0577299462240884
470,158,0.0737089878254219
470,180,0.0800454456359358
470,25,0.0991393326876089
470,24,0.137867843982588
471,57,0.099313819339006
471,130,0.101842789017275
471,25,0.10280713020084
471,40,0.127020261709904
471,214,0.142170991921093
472,122,0.0970114782562453
472,119,0.114496029326142
472,217,0.121110324121201
472,2,0.12228721607723
472,200,0.132994211356969
473,213,0.060680518036806
473,222,0.0725169138288808
473,133,0.0793815139224353
473,20,0.0995694499772767
473,131,0.115552313476813
474,329,0.116078936551647
474,180,0.117026257520486
474,39,0.123116662046343
474,469,0.150133257867259
474,31,0.167295643334454
475,180,0.0420000045612176
475,277,0.0627649720592073
475,232,0.0639688390044426
475,394,0.0672509943225048
475,214,0.0715078923696871
476,59,0.127896448783343
476,430,0.151618563161126
476,68,0.159510799677706
476,15,0.161103127375599
476,150,0.207297839435921
477,14,0.216453892252416
477,129,0.219160496628231
477,106,0.228332001801929
477,261,0.271250046742656
477,68,0.272489058927921
478,370,0.0965672348276791
478,393,0.103372971238192
478,24,0.105578751949944
478,122,0.112294095282783
478,199,0.152663377292729
479,25,0.0666375524831747
479,277,0.066706162589406
479,393,0.0724638465869527
479,31,0.111502910357944
479,196,0.126273330373679
480,277,0.0630043202659233
480,2,0.0723244851263758
480,224,0.0919038003000015
480,83,0.0949041643738673
480,158,0.122253747246144
481,269,0.266802611847701
481,165,0.292011816434664
481,218,0.314731234150304
481,11,0.318660728028467
481,14,0.374470690088988
482,370,0.0225399022811721
482,122,0.0285910095940796
482,277,0.0459429083483396
482,119,0.0572637760742508
482,469,0.153156349455569
483,106,0.143694289465689
483,323,0.156157606545191
483,11,0.167943214791752
483,251,0.172035243184903
483,68,0.248454060187412
484,133,0.133253917080481
484,161,0.143726108781256
484,234,0.145079466445364
484,135,0.177181248955833
484,11,0.23479719074624
485,17,0.0759118574255293
485,9,0.0817781401647335
485,420,0.122414955260336
485,379,0.122777922812945
485,236,0.142552700429429
486,191,0.126840490967672
486,203,0.131801600058374
486,369,0.132496338129793
486,68,0.164118100381946
486,213,0.201220624083033
487,31,0.0613549272493406
487,256,0.0636574979420454
487,9,0.0973218910465505
487,393,0.112351562410002
487,469,0.11633958588696
488,180,0.0450414064622238
488,200,0.048917039900051
488,57,0.0642411890296874
488,469,0.067148665023281
488,370,0.0830337893882342
489,342,0.0221162626445986
489,86,0.02247469503675
489,24,0.0595284580367028
489,66,0.0645719693106513
489,54,0.127779286554664
490,42,0.110252638596306
490,106,0.110393892555732
490,270,0.111349200737255
490,281,0.144612459687704
490,68,0.169991705436976
491,108,0.136425251178581
491,253,0.143222508674074
491,11,0.158527170409217
491,68,0.17593261327344
491,135,0.176715386474533
492,89,0.115927764272579
492,213,0.132146387112962
492,68,0.134777488041942
492,183,0.146984543688969
492,14,0.159458767600184
493,374,0.101382574025242
493,307,0.101779098984742
493,432,0.106634706687176
493,305,0.128198029492855
493,341,0.132270712328679
494,14,0.126009296269907
494,68,0.127826830456084
494,11,0.132558718049271
494,13,0.133548077680709
494,1,0.157764727692035
495,31,0.0322049484929229
495,196,0.0349414676134741
495,215,0.0350315911814375
495,394,0.0518766208398591
495,25,0.0678639494250272
496,261,0.19613277892842
496,183,0.199928650913286
496,26,0.203068076800738
496,68,0.210343843106562
496,430,0.251976488798889
497,54,0.0519717942775976
497,2,0.0528768371896559
497,214,0.0694660629455536
497,158,0.0745848043320801
497,25,0.131526356443269
498,197,0.108778901244696
498,42,0.110724893620856
498,331,0.113105298838305
498,220,0.120442721551926
498,159,0.192090538306171
499,11,0.107855061441434
499,197,0.115048196737122
499,76,0.118770229299921
499,220,0.131573669296095
499,349,0.146228664338904
500,152,0.0851885595305999
500,233,0.0928125961442633
500,277,0.0966623348408021
500,40,0.103751320267866
500,232,0.157349146077593
501,577,0.168531907279316
501,507,0.187953558363211
501,615,0.216190351388529
501,539,0.231653749226685
501,535,0.249006505434965
502,511,0.0900532210512418
502,531,0.0936309169734234
502,512,0.0977140564470551
502,507,0.141450375769431
502,539,0.166611799235109
503,579,-0.0564984717174775
503,509,-0.0296733351441082
503,554,-0.0072666781514478
503,581,-0.000181115092379
503,572,0.0468406048016461
504,501,0.153081087118041
504,593,0.163729284551315
504,507,0.208611561089275
504,539,0.216569001893208
504,512,0.223185384951265
505,525,-0.0905445038029578
505,618,-0.0845312519298154
505,604,-0.0783967229042207
505,517,-0.044312369523641
505,547,-0.0267770980757127
506,514,0.169019095613424
506,564,0.19845911376086
506,541,0.199521697871485
506,507,0.216280290450729
506,539,0.216457314266499
507,533,0.251929274111307
507,595,0.261759785404901
507,539,0.277665290640515
507,541,0.312760142126488
507,564,0.336077983745947
508,501,0.0687554696519165
508,507,0.0693178861085671
508,576,0.148176514733456
508,541,0.150779939375938
508,539,0.154745007441271
509,540,-0.0844349181108928
509,601,-0.0828918116972569
509,525,-0.0634138334764775
509,558,-0.0430190016421895
509,503,-0.0296733351441082
510,564,0.0850382241712197
510,603,0.103970755213573
510,514,0.106244561623887
510,507,0.163192506778623
510,539,0.191621042969528
511,512,0.182352557436374
511,514,0.183020824854385
511,595,0.197910092248363
511,541,0.214136214795827
511,539,0.277793673042325
512,533,0.163761198052677
512,511,0.182352557436374
512,507,0.188884957047053
512,504,0.223185384951265
512,539,0.276685922475803
513,564,0.123743411753637
513,514,0.125850320094315
513,501,0.130052438440533
513,507,0.189050880714966
513,541,0.193131476405239
514,569,0.182595637666702
514,511,0.183020824854385
514,520,0.188689596576502
514,539,0.188786121844157
514,507,0.192843841581269
515,571,0.0518895261718453
515,576,0.0578419886233337
515,514,0.0667502092580338
515,595,0.0969787332218998
515,539,0.131652276529789
516,504,0.123525194667115
516,512,0.133991492177773
516,507,0.138995271831144
516,539,0.164284712737291
516,514,0.167569323609424
517,528,-0.055869899928173
517,554,-0.0529395685316322
517,505,-0.044312369523641
517,543,-0.0004264046752438
517,579,0.0086361123241874
518,503,-0.0783792866675104
518,620,-0.0763485519089377
518,543,-0.0511817696215392
518,607,-0.0255649296470953
518,547,-0.0160853658802987
519,507,0.143563014399313
519,534,0.146347568254662
519,594,0.159475943227782
519,541,0.17009524833672
519,539,0.201179839742842
520,501,0.130061719148587
520,511,0.167175491414264
520,549,0.185745596398847
520,514,0.188689596576502
520,576,0.21799379566702
521,593,0.136709100657608
521,544,0.1496341013275
521,564,0.183617759796278
521,507,0.200118459864221
521,539,0.230767934139418
522,549,0.0585545742400586
522,512,0.0594191948685019
522,533,0.0600365030143169
522,507,0.100507997299051
522,519,0.126295720584648
523,501,0.12159844708657
523,541,0.12782249397541
523,567,0.134643391933325
523,507,0.135770489471248
523,539,0.18106129637961
524,595,0.101833703883807
524,541,0.10745081052305
524,511,0.1180470074177
524,507,0.118073709983114
524,539,0.128282935013403
525,509,-0.0634138334764775
525,503,-0.0584732741505504
525,572,-0.0444627492793467
525,579,-0.0267182040239054
525,530,0.0105203303239542
526,609,0.086220291650501
526,519,0.0899317789417833
526,539,0.0903197002899233
526,541,0.0909045006180014
526,587,0.115280004159193
527,501,0.067179524380942
527,512,0.0677745339968053
527,507,0.0689742399305936
527,539,0.0770581531680109
527,535,0.13975570057177
528,505,-0.122328271020558
528,579,-0.114527966527999
528,605,-0.0982100166663233
528,620,-0.0918654004368092
528,517,-0.055869899928173
529,579,-0.109845108140637
529,503,-0.0652667966214057
529,582,-0.0648777206770023
529,554,-0.0523381262331128
529,547,0.0176568240712807
530,582,-0.137979114065422
530,606,-0.114745936300901
530,579,-0.080966718498011
530,503,-0.0590741655065744
530,525,0.0105203303239542
531,564,0.143735230200603
531,603,0.144423139821936
531,593,0.146150375246147
531,507,0.189476340810934
531,539,0.226758659395035
532,575,0.0367192098571951
532,531,0.0368174392076786
532,538,0.0392169351288949
532,539,0.046389046015222
532,576,0.129001030569477
533,615,0.145586418577842
533,512,0.163761198052677
533,539,0.22326070097974
533,507,0.251929274111307
533,541,0.252115738752778
534,533,0.14130195714206
534,539,0.142511304148213
534,519,0.146347568254662
534,514,0.147375570851757
534,506,0.164367749420096
535,549,0.151610500508537
535,511,0.158058031256078
535,539,0.186340389838469
535,501,0.249006505434965
535,541,0.252899616991462
536,539,0.0714512595770658
536,564,0.0998917446550834
536,514,0.107469769335612
536,511,0.123562002541952
536,541,0.167542818450383
537,541,0.0471844492658092
537,539,0.0696720426474353
537,576,0.0738483432112979
537,507,0.0847045082584578
537,514,0.132904986807709
538,576,0.0681214907151117
538,541,0.0719721490129917
538,511,0.112701971253897
538,507,0.115107561363508
538,539,0.11738450605443
539,597,0.27114249974977
539,512,0.276685922475803
539,507,0.277665290640515
539,511,0.277793673042325
539,541,0.308919557942206
540,503,-0.0771254944754135
540,606,-0.0724484646820776
540,579,-0.0685537198518557
540,525,-0.0648953020782305
540,582,-0.0343232709653093
541,533,0.252115738752778
541,535,0.252899616991462
541,539,0.308919557942206
541,507,0.312760142126488
541,564,0.314057396318186
542,504,0.0953628106434859
542,603,0.104286423872022
542,541,0.107553073083736
542,507,0.124823898802445
542,539,0.175197575075728
543,579,-0.0672647441163228
543,547,-0.0659041073013412
543,518,-0.0511817696215392
543,620,-0.0149453477736118
543,517,-0.0004264046752438
544,521,0.1496341013275
544,561,0.163506342283174
544,576,0.166549375645785
544,507,0.202407483419738
544,539,0.244981673193951
545,586,0.122090102245696
545,593,0.128566297576695
545,519,0.137622438917232
545,541,0.155086580315892
545,507,0.190588161301633
546,516,0.0610125718030588
546,541,0.0699134328728273
546,514,0.0846820044424954
546,539,0.0852107452187589
546,519,0.114327808121136
547,582,-0.0190840232300247
547,518,-0.0160853658802987
547,596,-0.0130080394569284
547,606,0.0078643190339242
547,529,0.0176568240712807
548,531,0.073131108558486
548,514,0.0858478429010513
548,504,0.0907806784177251
548,507,0.0934489386672579
548,539,0.130344830982426
549,535,0.151610500508537
549,507,0.154040103020106
549,539,0.161344817842516
549,514,0.167387639615603
549,520,0.185745596398847
550,541,0.0898112151563686
550,507,0.0986689482045436
550,595,0.112676324767739
550,531,0.115406961747654
550,539,0.162756395602096
551,544,0.0968758910419288
551,564,0.0977440805042011
551,541,0.106170654808208
551,539,0.125019368011427
551,507,0.149924489072109
552,579,-0.128819622226555
552,525,-0.108683873653113
552,543,-0.102295102532312
552,517,-0.078157329157677
552,547,-0.0230011478205959
553,501,0.110810180244048
553,512,0.130457716877192
553,514,0.131788273295566
553,541,0.145777765054781
553,507,0.148518818888222
554,570,-0.0577482425510744
554,547,-0.055905760735461
554,517,-0.0529395685316322
554,529,-0.0523381262331128
554,503,-0.0072666781514478
555,603,0.0834293185909774
555,539,0.108446365034869
555,564,0.112028877268005
555,507,0.126822248674989
555,541,0.169896891842296
556,595,0.0374323373472845
556,512,0.0395190264922119
556,544,0.0419852231460642
556,539,0.0542285814630643
556,507,0.210279050444613
557,544,0.0445563887628618
557,507,0.0450578809734346
557,576,0.0677163844306949
557,539,0.086228098421884
557,514,0.144691271831548
558,579,-0.152352214137827
558,582,-0.138720423062989
558,503,-0.134362152640294
558,547,-0.127269794914275
558,509,-0.0430190016421895
559,595,0.0908682800270355
559,560,0.098575795092097
559,576,0.103123057563553
559,507,0.133315053758349
559,511,0.149567111106731
560,511,0.111621475697361
560,519,0.111948854822055
560,576,0.118099363026791
560,541,0.146749361430232
560,539,0.1658143224935
561,549,0.11288699795553
561,541,0.133816973392382
561,507,0.143261427492983
561,544,0.163506342283174
561,539,0.182841443310826
562,507,0.0750401157293547
562,520,0.0831476463586675
562,513,0.0847999228798764
562,501,0.0982796160185003
562,514,0.118827810611804
563,602,-0.0918779963524658
563,582,-0.0886894589347239
563,543,-0.071785656228147
563,579,-0.0551601285016179
563,606,0.0201707412813305
564,593,0.203890717283376
564,539,0.269421463525568
564,610,0.29308646866915
564,541,0.314057396318186
564,507,0.336077983745947
565,501,0.0729058465046662
565,531,0.0732922606445219
565,539,0.168968587166911
565,507,0.171695221988209
565,595,0.192898122601517
566,520,0.0628370293908619
566,576,0.0770202102538675
566,603,0.10599600071341
566,539,0.126714745483096
566,507,0.147844961829747
567,523,0.134643391933325
567,531,0.136568665214328
567,541,0.151221211113632
567,573,0.162899244961929
567,539,0.201420248794817
568,501,0.0623809182374614
568,514,0.0658930458861215
568,541,0.070319666678455
568,562,0.0736957871920188
568,539,0.0844463964417234
569,609,0.173968066997197
569,541,0.175536449622687
569,514,0.182595637666702
569,610,0.187870542535511
569,539,0.189487936811355
570,517,-0.0838375218701155
570,620,-0.0776540180929085
570,503,-0.0664605108989538
570,554,-0.0577482425510744
570,547,-0.0425347101699908
571,516,0.0936531452577304
571,507,0.113473547585108
571,514,0.115928489538306
571,519,0.117636149797909
571,595,0.137825041466635
572,547,-0.0945123851619304
572,505,-0.0930258146079733
572,525,-0.0444627492793467
572,579,-0.0285794220614022
572,503,0.0468406048016461
573,539,0.074985775126404
573,535,0.1458842541515
573,576,0.15062605484553
573,541,0.155259536053509
573,567,0.162899244961929
574,519,0.13020225412761
574,504,0.150783786961683
574,539,0.155112616997883
574,541,0.159656556818275
574,507,0.164907745400935
575,512,0.130816199717278
575,544,0.145334094198717
575,541,0.162029460393003
575,507,0.208062264722135
575,539,0.211809689515808
576,611,0.154089143284121
576,544,0.166549375645785
576,514,0.171772163813356
576,577,0.173027435100273
576,520,0.21799379566702
577,514,0.113282860285554
577,535,0.113676324861796
577,539,0.133565724257528
577,501,0.168531907279316
577,576,0.173027435100273
578,579,-0.135368225680698
578,554,-0.127023625119694
578,517,-0.11669319571489
578,503,-0.113096169592688
578,547,-0.102784936297214
579,547,-0.0521039812311494
579,581,-0.0423056828096622
579,572,-0.0285794220614022
579,525,-0.0267182040239054
579,517,0.0086361123241874
580,539,0.0362079350950577
580,507,0.0366362347650613
580,575,0.0406001255133805
580,551,0.0495808660437881
580,514,0.0650072169752336
581,620,-0.121845208900459
581,547,-0.105011595564692
581,517,-0.075289048964871
581,579,-0.0423056828096622
581,503,-0.000181115092379
582,540,-0.0343232709653093
582,618,-0.021608694208835
582,547,-0.0190840232300247
582,606,-0.0059631105835725
582,604,0.0053121124842465
583,603,0.0564786339794945
583,576,0.06505773492675
583,539,0.070765716839327
583,609,0.084004736520007
583,514,0.0913438089359447
584,552,-0.143909323427073
584,579,-0.141113818004412
584,582,-0.139806823052009
584,529,-0.112200272911586
584,547,-0.0531122284570117
585,531,0.0198582048923617
585,514,0.026283596852686
585,541,0.0338399005612531
585,576,0.0609999134966924
585,507,0.0953894519580941
586,564,0.101618397928785
586,545,0.122090102245696
586,539,0.133348906443233
586,541,0.147033919245923
586,507,0.191816155989
587,534,0.0726937083646021
587,569,0.0754142363020206
587,514,0.0783334376315946
587,575,0.0954845012578801
587,526,0.115280004159193
588,519,0.0132707024105659
588,504,0.0413034546111564
588,507,0.0599684932098183
588,514,0.0680258134053239
588,549,0.0813961092815846
589,544,0.0783139834363712
589,541,0.0790845309424543
589,501,0.11958414023733
589,539,0.143676911081816
589,507,0.145688167958897
590,576,0.0239938894086254
590,539,0.0576246647112475
590,535,0.0603742288442158
590,559,0.0653903745110205
590,511,0.0820826935167727
591,516,0.0814821003086479
591,541,0.0884907495613399
591,514,0.0967205489252464
591,507,0.111943977455239
591,539,0.134881962122659
592,507,0.0911465721233641
592,501,0.091477565071561
592,535,0.0970771081057959
592,514,0.127201188499796
592,539,0.141897319424377
593,595,0.182840330440277
593,564,0.203890717283376
593,507,0.206208633318881
593,539,0.21637619047647
593,541,0.226525831362255
594,514,0.0649546914654626
594,511,0.076692377104525
594,539,0.0843464540616609
594,507,0.121048470840397
594,519,0.159475943227782
595,593,0.182840330440277
595,565,0.192898122601517
595,511,0.197910092248363
595,539,0.247641715804099
595,507,0.261759785404901
596,606,-0.10138645918774
596,543,-0.0946896152777316
596,525,-0.0760347352609737
596,582,-0.0454187796083217
596,547,-0.0130080394569284
597,564,0.114789013685865
597,507,0.118462625089002
597,593,0.147269849687662
597,541,0.229472606355095
597,539,0.27114249974977
598,533,0.085204117241366
598,595,0.0918759202466737
598,539,0.109742289601593
598,507,0.120122076348566
598,514,0.171354290618256
599,603,0.0292323657107828
599,536,0.0392449481782726
599,514,0.0421145965404192
599,502,0.0528510169557447
599,507,0.163145217326313
600,531,0.0528179017536448
600,522,0.0562793027811903
600,541,0.0722862370657731
600,576,0.110141477798626
600,603,0.121786076782293
601,525,-0.132990989282535
601,582,-0.128786810909061
601,505,-0.127024319394272
601,547,-0.124381104698306
601,509,-0.0828918116972569
602,517,-0.0975595916071814
602,563,-0.0918779963524658
602,606,-0.0901830272958437
602,579,-0.0790098125056112
602,547,-0.0753913171261837
603,564,0.127757450877356
603,512,0.129273654882501
603,531,0.144423139821936
603,595,0.149282675087327
603,541,0.167701697795755
604,579,-0.127856745037624
604,606,-0.0945124164190148
604,505,-0.0783967229042207
604,547,-0.0732423803738749
604,582,0.0053121124842465
605,582,-0.10505501199473
605,528,-0.0982100166663233
605,579,-0.0742752582773678
605,606,-0.0713524146357503
605,547,-0.058717297742549
606,517,-0.0664503243617005
606,620,-0.0588641820703787
606,582,-0.0059631105835725
606,547,0.0078643190339242
606,563,0.0201707412813305
607,525,-0.111292620854604
607,579,-0.0849027698778493
607,620,-0.0705112893547252
607,547,-0.0533679161259482
607,518,-0.0255649296470953
608,501,-0.0247553982780527
608,541,-0.0240125890929434
608,507,0.0008356547787719
608,562,0.0221786100341193
608,576,0.0483034658921886
609,544,0.109836192149793
609,507,0.11349515362118
609,514,0.119886731283127
609,512,0.139302280665251
609,569,0.173968066997197
610,539,0.138226137011257
610,595,0.160603289677207
610,569,0.187870542535511
610,507,0.22571624146788
610,564,0.29308646866915
611,539,0.0477353942093573
611,560,0.0599829404548835
611,501,0.0611714820303753
611,535,0.0783274936649986
611,576,0.154089143284121
612,525,-0.166264504702126
612,605,-0.145963485801544
612,606,-0.1419764394672
612,620,-0.139577274697429
612,503,-0.0685801323848567
613,512,0.0777657860060932
613,511,0.0780336807333505
613,507,0.0852359771304978
613,541,0.0978304805673808
613,513,0.0984080294716333
614,576,0.0542220257536959
614,541,0.0594466445205919
614,514,0.0845790799212958
614,539,0.0884471005915767
614,507,0.178647086535684
615,535,0.141492178712479
615,533,0.145586418577842
615,539,0.148188542179975
615,507,0.177418368964725
615,501,0.216190351388529
616,575,0.0773127276599039
616,501,0.0803916782731822
616,561,0.0814789663705066
616,541,0.101324979797488
616,539,0.122245444116568
617,587,0.0216679613109496
617,586,0.032256272215815
617,516,0.0589806207832474
617,545,0.0636686908433739
617,507,0.0704036600883674
618,503,-0.114774126014522
618,509,-0.0900223377524212
618,517,-0.0897830159615687
618,505,-0.0845312519298154
618,582,-0.021608694208835
619,560,0.0678251372810866
619,616,0.0739322603410796
619,510,0.0817584792431934
619,514,0.107378649488994
619,576,0.121399102336686
620,607,-0.0705112893547252
620,547,-0.0700513079574113
620,517,-0.0610253502829435
620,606,-0.0588641820703787
620,543,-0.0149453477736118
